{"2": {"\u0000\u0000": {"a": 0.14285714285714285, "b": 0.047619047619047616, "c": 0.09523809523809523, "d": 0.047619047619047616, "f": 0.047619047619047616, "g": 0.047619047619047616, "k": 0.09523809523809523, "l": 0.09523809523809523, "p": 0.14285714285714285, "r": 0.09523809523809523, "t": 0.047619047619047616, "v": 0.047619047619047616, "x": 0.047619047619047616}, "\u0000a": {"g": 0.3333333333333333, "l": 0.3333333333333333, "r": 0.3333333333333333}, "ag": {"g": 0.3333333333333333, "i": 0.3333333333333333, "h": 0.3333333333333333}, "gg": {"e": 1.0}, "ge": {"l": 1.0}, "el": {"o": 1.0}, "lo": {"n": 0.125, "r": 0.125, "s": 0.625, "p": 0.125}, "on": {"i": 0.6666666666666666, "t": 0.3333333333333333}, "ni": {"t": 0.3333333333333333, "\\": 0.3333333333333333, "a": 0.3333333333333333}, "it": {"i": 0.5, "r": 0.5}, "ti": {"s": 1.0}, "is": {"\\": 1.0}, "al": {"e": 1.0}, "le": {"x": 0.5, "v": 0.5}, "ex": {"o": 1.0}, "xo": {"u": 1.0}, "ou": {"d": 0.125, "n": 0.125, "l": 0.625, "\\": 0.125}, "ud": {"i": 1.0}, "di": {"s": 0.5, "m": 0.5}, "ar": {"g": 0.25, "\\": 0.25, "p": 0.25, "i": 0.25}, "rg": {"y": 1.0}, "gy": {"r": 1.0}, "yr": {"i": 1.0}, "ri": {"s": 0.2, "d": 0.2, "o": 0.2, "z": 0.2, "a": 0.2}, "\u0000b": {"o": 1.0}, "bo": {"u": 1.0}, "un": {"t": 1.0}, "nt": {"r": 0.25, "o": 0.25, "a": 0.25, "h": 0.25}, "tr": {"o": 0.5, "i": 0.5}, "ro": {"g": 0.3333333333333333, "n": 0.3333333333333333, "p": 0.3333333333333333}, "og": {"i": 1.0}, "gi": {"a": 0.5, "\\": 0.5}, "ia": {"n": 0.6666666666666666, "s": 0.3333333333333333}, "an": {"n": 0.16666666666666666, "\\": 0.16666666666666666, "a": 0.16666666666666666, "o": 0.16666666666666666, "t": 0.3333333333333333}, "nn": {"i": 1.0}, "\u0000c": {"h": 0.5, "o": 0.5}, "ch": {"o": 1.0}, "ho": {"l": 0.5, "p": 0.5}, "ol": {"e": 1.0}, "ev": {"a": 1.0}, "va": {"s": 1.0}, "as": {"\\": 0.6666666666666666, "o": 0.3333333333333333}, "co": {"n": 1.0}, "to": {"s": 1.0}, "os": {"\\": 1.0}, "\u0000d": {"e": 1.0}, "de": {"m": 0.5, "s": 0.5}, "em": {"k": 1.0}, "mk": {"o": 1.0}, "ko": {"\\": 0.5, "t": 0.5}, "\u0000f": {"l": 1.0}, "fl": {"o": 1.0}, "or": {"a": 1.0}, "ra": {"k": 0.5, "g": 0.5}, "ak": {"i": 1.0}, "ki": {"s": 1.0}, "\u0000g": {"r": 1.0}, "gr": {"e": 1.0}, "re": {"e": 1.0}, "ee": {"a": 1.0}, "ea": {"r": 1.0}, "\u0000k": {"a": 0.5, "o": 0.5}, "ka": {"r": 1.0}, "rp": {"m": 1.0}, "pm": {"a": 1.0}, "ma": {"n": 1.0}, "ot": {"r": 1.0}, "\u0000l": {"a": 1.0}, "la": {"b": 0.3333333333333333, "z": 0.3333333333333333, "s": 0.3333333333333333}, "ab": {"r": 1.0}, "br": {"o": 1.0}, "op": {"o": 1.0}, "po": {"u": 1.0}, "ul": {"o": 1.0}, "az": {"a": 1.0}, "za": {"r": 1.0}, "id": {"e": 1.0}, "es": {"\\": 1.0}, "\u0000p": {"a": 1.0}, "pa": {"n": 0.5, "p": 0.25, "d": 0.25}, "na": {"g": 1.0}, "no": {"p": 1.0}, "ap": {"a": 1.0}, "ad": {"i": 1.0}, "im": {"i": 1.0}, "mi": {"t": 1.0}, "io": {"u": 1.0}, "\u0000r": {"a": 0.5, "i": 0.5}, "gh": {"e": 1.0}, "he": {"b": 1.0}, "eb": {"\\": 1.0}, "iz": {"o": 1.0}, "zo": {"s": 1.0}, "\u0000t": {"r": 1.0}, "ta": {"f": 1.0}, "af": {"y": 1.0}, "fy": {"l": 1.0}, "yl": {"l": 1.0}, "ll": {"o": 1.0}, "\u0000v": {"l": 1.0}, "vl": {"a": 1.0}, "so": {"p": 1.0}, "\u0000x": {"a": 1.0}, "xa": {"n": 1.0}, "th": {"o": 1.0}}, "3": {"\u0000\u0000\u0000": {"a": 0.14285714285714285, "b": 0.047619047619047616, "c": 0.09523809523809523, "d": 0.047619047619047616, "f": 0.047619047619047616, "g": 0.047619047619047616, "k": 0.09523809523809523, "l": 0.09523809523809523, "p": 0.14285714285714285, "r": 0.09523809523809523, "t": 0.047619047619047616, "v": 0.047619047619047616, "x": 0.047619047619047616}, "\u0000\u0000a": {"g": 0.3333333333333333, "l": 0.3333333333333333, "r": 0.3333333333333333}, "\u0000ag": {"g": 1.0}, "agg": {"e": 1.0}, "gge": {"l": 1.0}, "gel": {"o": 1.0}, "elo": {"n": 1.0}, "lon": {"i": 1.0}, "oni": {"t": 0.5, "a": 0.5}, "nit": {"i": 1.0}, "iti": {"s": 1.0}, "tis": {"\\": 1.0}, "\u0000al": {"e": 1.0}, "ale": {"x": 1.0}, "lex": {"o": 1.0}, "exo": {"u": 1.0}, "xou": {"d": 1.0}, "oud": {"i": 1.0}, "udi": {"s": 1.0}, "dis": {"\\": 1.0}, "\u0000ar": {"g": 1.0}, "arg": {"y": 1.0}, "rgy": {"r": 1.0}, "gyr": {"i": 1.0}, "yri": {"s": 1.0}, "ris": {"\\": 1.0}, "\u0000\u0000b": {"o": 1.0}, "\u0000bo": {"u": 1.0}, "bou": {"n": 1.0}, "oun": {"t": 1.0}, "unt": {"r": 1.0}, "ntr": {"o": 1.0}, "tro": {"g": 0.5, "n": 0.5}, "rog": {"i": 1.0}, "ogi": {"a": 1.0}, "gia": {"n": 1.0}, "ian": {"n": 0.5, "t": 0.5}, "ann": {"i": 1.0}, "nni": {"\\": 1.0}, "\u0000\u0000c": {"h": 0.5, "o": 0.5}, "\u0000ch": {"o": 1.0}, "cho": {"l": 1.0}, "hol": {"e": 1.0}, "ole": {"v": 1.0}, "lev": {"a": 1.0}, "eva": {"s": 1.0}, "vas": {"\\": 1.0}, "\u0000co": {"n": 1.0}, "con": {"t": 1.0}, "ont": {"o": 1.0}, "nto": {"s": 1.0}, "tos": {"\\": 1.0}, "\u0000\u0000d": {"e": 1.0}, "\u0000de": {"m": 1.0}, "dem": {"k": 1.0}, "emk": {"o": 1.0}, "mko": {"\\": 1.0}, "\u0000\u0000f": {"l": 1.0}, "\u0000fl": {"o": 1.0}, "flo": {"r": 1.0}, "lor": {"a": 1.0}, "ora": {"k": 1.0}, "rak": {"i": 1.0}, "aki": {"s": 1.0}, "kis": {"\\": 1.0}, "\u0000\u0000g": {"r": 1.0}, "\u0000gr": {"e": 1.0}, "gre": {"e": 1.0}, "ree": {"a": 1.0}, "eea": {"r": 1.0}, "ear": {"\\": 1.0}, "\u0000\u0000k": {"a": 0.5, "o": 0.5}, "\u0000ka": {"r": 1.0}, "kar": {"p": 1.0}, "arp": {"m": 1.0}, "rpm": {"a": 1.0}, "pma": {"n": 1.0}, "man": {"\\": 1.0}, "\u0000ko": {"t": 1.0}, "kot": {"r": 1.0}, "otr": {"o": 1.0}, "ron": {"i": 1.0}, "nia": {"s": 1.0}, "ias": {"\\": 1.0}, "\u0000\u0000l": {"a": 1.0}, "\u0000la": {"b": 0.5, "z": 0.5}, "lab": {"r": 1.0}, "abr": {"o": 1.0}, "bro": {"p": 1.0}, "rop": {"o": 1.0}, "opo": {"u": 1.0}, "pou": {"l": 1.0}, "oul": {"o": 1.0}, "ulo": {"s": 1.0}, "los": {"\\": 1.0}, "laz": {"a": 1.0}, "aza": {"r": 1.0}, "zar": {"i": 1.0}, "ari": {"d": 1.0}, "rid": {"e": 1.0}, "ide": {"s": 1.0}, "des": {"\\": 1.0}, "\u0000\u0000p": {"a": 1.0}, "\u0000pa": {"n": 0.6666666666666666, "p": 0.3333333333333333}, "pan": {"a": 0.5, "o": 0.5}, "ana": {"g": 1.0}, "nag": {"i": 1.0}, "agi": {"\\": 1.0}, "ano": {"p": 1.0}, "nop": {"o": 1.0}, "pap": {"a": 1.0}, "apa": {"d": 1.0}, "pad": {"i": 1.0}, "adi": {"m": 1.0}, "dim": {"i": 1.0}, "imi": {"t": 1.0}, "mit": {"r": 1.0}, "itr": {"i": 1.0}, "tri": {"o": 0.5, "a": 0.5}, "rio": {"u": 1.0}, "iou": {"\\": 1.0}, "\u0000\u0000r": {"a": 0.5, "i": 0.5}, "\u0000ra": {"g": 1.0}, "rag": {"h": 1.0}, "agh": {"e": 1.0}, "ghe": {"b": 1.0}, "heb": {"\\": 1.0}, "\u0000ri": {"z": 1.0}, "riz": {"o": 1.0}, "izo": {"s": 1.0}, "zos": {"\\": 1.0}, "\u0000\u0000t": {"r": 1.0}, "\u0000tr": {"i": 1.0}, "ria": {"n": 1.0}, "ant": {"a": 0.5, "h": 0.5}, "nta": {"f": 1.0}, "taf": {"y": 1.0}, "afy": {"l": 1.0}, "fyl": {"l": 1.0}, "yll": {"o": 1.0}, "llo": {"p": 1.0}, "lop": {"o": 1.0}, "\u0000\u0000v": {"l": 1.0}, "\u0000vl": {"a": 1.0}, "vla": {"s": 1.0}, "las": {"o": 1.0}, "aso": {"p": 1.0}, "sop": {"o": 1.0}, "\u0000\u0000x": {"a": 1.0}, "\u0000xa": {"n": 1.0}, "xan": {"t": 1.0}, "nth": {"o": 1.0}, "tho": {"p": 1.0}, "hop": {"o": 1.0}}, "original": ["aggelonitis\\", "alexoudis\\", "argyris\\", "bountrogianni\\", "cholevas\\", "contos\\", "demko\\", "florakis\\", "greear\\", "karpman\\", "kotronias\\", "labropoulos\\", "lazarides\\", "panagi\\", "panopoulos\\", "papadimitriou\\", "ragheb\\", "rizos\\", "triantafyllopoulos\\", "vlasopoulos\\", "xanthopoulos\\"]}