{"2": {"\u0000\u0000": {"a": 0.08771929824561403, "b": 0.017543859649122806, "c": 0.03508771929824561, "d": 0.017543859649122806, "g": 0.07017543859649122, "h": 0.017543859649122806, "i": 0.05263157894736842, "j": 0.017543859649122806, "k": 0.07017543859649122, "l": 0.08771929824561403, "m": 0.08771929824561403, "n": 0.03508771929824561, "o": 0.017543859649122806, "p": 0.10526315789473684, "r": 0.05263157894736842, "s": 0.12280701754385964, "t": 0.017543859649122806, "u": 0.017543859649122806, "v": 0.03508771929824561, "z": 0.03508771929824561}, "\u0000a": {"i": 0.2, "k": 0.4, "s": 0.2, "v": 0.2}, "ai": {"t": 0.5, "\\": 0.5}, "it": {"k": 0.5, "s": 0.5}, "tk": {"u": 1.0}, "ku": {"l": 1.0}, "ul": {"o": 1.0}, "lo": {"v": 0.5, "p": 0.5}, "ov": {"a": 0.15, "\\": 0.75, "s": 0.05, "i": 0.05}, "va": {"\\": 0.3333333333333333, "n": 0.3333333333333333, "z": 0.1111111111111111, "s": 0.1111111111111111, "t": 0.1111111111111111}, "ak": {"h": 0.375, "o": 0.5, "s": 0.125}, "kh": {"m": 0.14285714285714285, "\\": 0.14285714285714285, "o": 0.42857142857142855, "l": 0.14285714285714285, "i": 0.14285714285714285}, "hm": {"e": 1.0}, "me": {"d": 0.5, "t": 0.5}, "ed": {"o": 0.5, "e": 0.5}, "do": {"v": 1.0}, "ko": {"p": 0.14285714285714285, "\\": 0.14285714285714285, "g": 0.2857142857142857, "v": 0.2857142857142857, "e": 0.14285714285714285}, "op": {"o": 0.5, "u": 0.5}, "po": {"v": 0.3333333333333333, "m": 0.3333333333333333, "l": 0.3333333333333333}, "as": {"h": 0.6666666666666666, "i": 0.3333333333333333}, "sh": {"k": 0.3333333333333333, "c": 0.16666666666666666, "a": 0.3333333333333333, "i": 0.16666666666666666}, "hk": {"e": 0.5, "i": 0.5}, "ke": {"n": 1.0}, "en": {"a": 0.25, "\\": 0.25, "o": 0.25, "s": 0.25}, "na": {"z": 0.3333333333333333, "k": 0.3333333333333333, "v": 0.3333333333333333}, "az": {"y": 0.5, "o": 0.5}, "zy": {"\\": 1.0}, "av": {"e": 0.2, "y": 0.2, "i": 0.2, "a": 0.4}, "ve": {"r": 1.0}, "er": {"b": 0.2, "o": 0.2, "\\": 0.4, "e": 0.2}, "rb": {"a": 1.0}, "ba": {"k": 0.5, "r": 0.5}, "\u0000b": {"o": 1.0}, "bo": {"t": 0.3333333333333333, "l": 0.3333333333333333, "r": 0.3333333333333333}, "ot": {"v": 1.0}, "tv": {"i": 1.0}, "vi": {"n": 0.4, "c": 0.4, "d": 0.2}, "in": {"n": 0.07692307692307693, "\\": 0.6923076923076923, "g": 0.07692307692307693, "e": 0.07692307692307693, "o": 0.07692307692307693}, "nn": {"i": 1.0}, "ni": {"k": 0.5, "t": 0.5}, "ik": {"\\": 1.0}, "\u0000c": {"h": 1.0}, "ch": {"e": 0.2, "i": 0.4, "\\": 0.4}, "he": {"b": 0.5, "l": 0.5}, "eb": {"u": 0.5, "e": 0.5}, "bu": {"r": 1.0}, "ur": {"k": 1.0}, "rk": {"i": 1.0}, "ki": {"n": 0.8, "\\": 0.2}, "hi": {"g": 0.2, "z": 0.2, "y": 0.2, "n": 0.2, "r": 0.2}, "ig": {"o": 1.0}, "go": {"r": 0.5, "l": 0.5}, "or": {"i": 0.5, "e": 0.5}, "ri": {"n": 0.3333333333333333, "s": 0.3333333333333333, "u": 0.3333333333333333}, "\u0000d": {"e": 1.0}, "de": {"m": 0.5, "v": 0.5}, "em": {"k": 1.0}, "mk": {"o": 1.0}, "\u0000g": {"i": 0.25, "l": 0.25, "u": 0.5}, "gi": {"n": 1.0}, "ng": {"o": 1.0}, "ol": {"d": 0.2, "m": 0.2, "y": 0.2, "e": 0.4}, "ld": {"\\": 1.0}, "gl": {"e": 1.0}, "le": {"i": 0.16666666666666666, "b": 0.16666666666666666, "v": 0.3333333333333333, "n": 0.16666666666666666, "r": 0.16666666666666666}, "ei": {"z": 1.0}, "iz": {"e": 0.5, "h": 0.5}, "ze": {"r": 1.0}, "ro": {"v": 0.5, "m": 0.25, "s": 0.25}, "gu": {"b": 1.0}, "ub": {"a": 0.3333333333333333, "i": 0.3333333333333333, "o": 0.3333333333333333}, "ar": {"e": 0.4, "k": 0.2, "a": 0.2, "n": 0.2}, "re": {"v": 0.75, "k": 0.25}, "ev": {"\\": 0.6666666666666666, "i": 0.1111111111111111, "s": 0.2222222222222222}, "bi": {"n": 1.0}, "\u0000h": {"e": 1.0}, "el": {"w": 1.0}, "lw": {"e": 1.0}, "we": {"r": 1.0}, "\u0000i": {"d": 0.3333333333333333, "v": 0.6666666666666666}, "id": {"r": 0.5, "l": 0.5}, "dr": {"i": 1.0}, "is": {"o": 0.5, "l": 0.5}, "so": {"v": 0.5, "b": 0.5}, "iv": {"a": 1.0}, "an": {"o": 0.4, "\\": 0.2, "s": 0.1, "a": 0.2, "e": 0.1}, "no": {"f": 0.125, "v": 0.875}, "of": {"f": 1.0}, "ff": {"\\": 0.5, "e": 0.5}, "\u0000j": {"o": 1.0}, "jo": {"f": 1.0}, "fe": {"\\": 1.0}, "\u0000k": {"h": 0.25, "o": 0.5, "r": 0.25}, "ho": {"l": 0.3333333333333333, "v": 0.6666666666666666}, "lm": {"o": 1.0}, "mo": {"v": 0.3333333333333333, "s": 0.3333333333333333, "l": 0.3333333333333333}, "og": {"a": 0.6666666666666666, "e": 0.3333333333333333}, "ga": {"n": 0.5, "r": 0.5}, "ge": {"n": 1.0}, "kr": {"z": 1.0}, "rz": {"h": 1.0}, "zh": {"i": 0.3333333333333333, "a": 0.3333333333333333, "m": 0.3333333333333333}, "ha": {"n": 0.6666666666666666, "k": 0.3333333333333333}, "vs": {"k": 0.6666666666666666, "\\": 0.3333333333333333}, "sk": {"y": 0.42857142857142855, "a": 0.2857142857142857, "i": 0.2857142857142857}, "ky": {"\\": 1.0}, "\u0000l": {"a": 0.4, "e": 0.4, "o": 0.2}, "la": {"b": 0.2, "r": 0.2, "i": 0.2, "k": 0.2, "v": 0.2}, "ab": {"z": 0.5, "e": 0.5}, "bz": {"o": 1.0}, "zo": {"v": 1.0}, "be": {"d": 0.5, "n": 0.5}, "ne": {"\\": 0.25, "p": 0.25, "z": 0.25, "y": 0.25}, "pu": {"k": 0.5, "s": 0.5}, "uk": {"h": 0.6666666666666666, "a": 0.3333333333333333}, "\u0000m": {"a": 0.4, "i": 0.2, "o": 0.2, "u": 0.2}, "ma": {"g": 0.3333333333333333, "k": 0.3333333333333333, "n": 0.3333333333333333}, "ag": {"n": 1.0}, "gn": {"i": 1.0}, "ts": {"k": 1.0}, "hl": {"a": 1.0}, "mi": {"r": 0.5, "n": 0.5}, "ir": {"n": 0.5, "o": 0.5}, "rn": {"o": 1.0}, "os": {"k": 0.5, "t": 0.5}, "ka": {"l": 0.3333333333333333, "b": 0.3333333333333333, "y": 0.3333333333333333}, "al": {"\\": 1.0}, "mu": {"k": 1.0}, "\u0000n": {"e": 1.0}, "ep": {"o": 1.0}, "om": {"n": 0.5, "a": 0.5}, "mn": {"y": 1.0}, "ny": {"a": 1.0}, "ya": {"s": 0.25, "n": 0.5, "\\": 0.25}, "hc": {"h": 1.0}, "iy": {"\\": 1.0}, "ez": {"h": 1.0}, "et": {"d": 0.5, "r": 0.5}, "td": {"i": 1.0}, "di": {"n": 1.0}, "\u0000o": {"g": 1.0}, "\u0000p": {"a": 0.16666666666666666, "e": 0.16666666666666666, "l": 0.16666666666666666, "o": 0.16666666666666666, "r": 0.16666666666666666, "u": 0.16666666666666666}, "pa": {"r": 1.0}, "ra": {"v": 1.0}, "vy": {"a": 1.0}, "pe": {"t": 1.0}, "tr": {"u": 1.0}, "ru": {"k": 0.5, "s": 0.5}, "pl": {"a": 1.0}, "ks": {"i": 1.0}, "si": {"n": 0.5, "\u013c": 0.5}, "ly": {"a": 1.0}, "ns": {"k": 1.0}, "pr": {"u": 1.0}, "us": {"a": 0.3333333333333333, "h": 0.6666666666666666}, "sa": {"k": 0.3333333333333333, "n": 0.3333333333333333, "r": 0.3333333333333333}, "\u0000r": {"i": 0.3333333333333333, "o": 0.6666666666666666}, "iu": {"m": 1.0}, "um": {"i": 1.0}, "ic": {"h": 1.0}, "st": {"i": 1.0}, "ti": {"s": 1.0}, "sl": {"a": 1.0}, "\u0000s": {"a": 0.2857142857142857, "h": 0.2857142857142857, "m": 0.14285714285714285, "o": 0.14285714285714285, "v": 0.14285714285714285}, "oe": {"v": 1.0}, "sm": {"o": 1.0}, "ob": {"o": 1.0}, "sv": {"i": 1.0}, "dl": {"e": 1.0}, "\u0000t": {"e": 1.0}, "te": {"r": 1.0}, "ek": {"h": 1.0}, "\u0000u": {"s": 1.0}, "\u0000v": {"a": 1.0}, "ey": {"e": 1.0}, "ye": {"v": 1.0}, "i\u013c": {"j": 1.0}, "\u013cj": {"e": 1.0}, "je": {"v": 1.0}, "\u0000z": {"a": 0.5, "u": 0.5}, "za": {"v": 1.0}, "at": {"s": 1.0}, "ay": {"a": 1.0}, "zu": {"b": 1.0}}, "3": {"\u0000\u0000\u0000": {"a": 0.08771929824561403, "b": 0.017543859649122806, "c": 0.03508771929824561, "d": 0.017543859649122806, "g": 0.07017543859649122, "h": 0.017543859649122806, "i": 0.05263157894736842, "j": 0.017543859649122806, "k": 0.07017543859649122, "l": 0.08771929824561403, "m": 0.08771929824561403, "n": 0.03508771929824561, "o": 0.017543859649122806, "p": 0.10526315789473684, "r": 0.05263157894736842, "s": 0.12280701754385964, "t": 0.017543859649122806, "u": 0.017543859649122806, "v": 0.03508771929824561, "z": 0.03508771929824561}, "\u0000\u0000a": {"i": 0.2, "k": 0.4, "s": 0.2, "v": 0.2}, "\u0000ai": {"t": 1.0}, "ait": {"k": 1.0}, "itk": {"u": 1.0}, "tku": {"l": 1.0}, "kul": {"o": 1.0}, "ulo": {"v": 1.0}, "lov": {"a": 1.0}, "ova": {"\\": 1.0}, "\u0000ak": {"h": 0.5, "o": 0.5}, "akh": {"m": 0.3333333333333333, "\\": 0.3333333333333333, "l": 0.3333333333333333}, "khm": {"e": 1.0}, "hme": {"d": 0.5, "t": 0.5}, "med": {"o": 1.0}, "edo": {"v": 1.0},