{"2": {"\u0000\u0000": {"a": 0.2, "d": 0.06666666666666667, "h": 0.13333333333333333, "k": 0.06666666666666667, "n": 0.06666666666666667, "r": 0.13333333333333333, "s": 0.06666666666666667, "t": 0.13333333333333333, "y": 0.13333333333333333}, "\u0000a": {"k": 0.3333333333333333, "l": 0.3333333333333333, "t": 0.3333333333333333}, "ak": {"c": 0.5, "i": 0.5}, "kc": {"h": 1.0}, "ch": {"o": 1.0}, "ho": {"t": 0.5, "g": 0.5}, "ot": {"\u00e9": 1.0}, "t\u00e9": {"\\": 1.0}, "al": {"p": 0.3333333333333333, "i": 0.3333333333333333, "m": 0.3333333333333333}, "lp": {"m": 1.0}, "pm": {"a": 1.0}, "ma": {"n": 1.0}, "an": {"\\": 1.0}, "at": {"a": 1.0}, "ta": {"l": 0.3333333333333333, "m": 0.3333333333333333, "g": 0.3333333333333333}, "li": {"k": 0.5, "\\": 0.5}, "ik": {"\\": 1.0}, "\u0000d": {"i": 1.0}, "di": {"z": 1.0}, "iz": {"d": 1.0}, "zd": {"a": 1.0}, "da": {"r": 1.0}, "ar": {"\\": 1.0}, "\u0000h": {"a": 1.0}, "ha": {"l": 0.25, "m": 0.25, "s": 0.25, "n": 0.25}, "lm": {"a": 1.0}, "am": {"z": 0.5, "b": 0.5}, "mz": {"a": 1.0}, "za": {"o": 1.0}, "ao": {"\u011f": 1.0}, "o\u011f": {"l": 1.0}, "\u011fl": {"u": 1.0}, "lu": {"\\": 1.0}, "\u0000k": {"h": 1.0}, "kh": {"a": 1.0}, "as": {"h": 1.0}, "sh": {"o": 1.0}, "og": {"g": 1.0}, "gg": {"i": 1.0}, "gi": {"\\": 1.0}, "\u0000n": {"e": 1.0}, "ne": {"z": 1.0}, "ez": {"i": 1.0}, "zi": {"h": 1.0}, "ih": {"e": 1.0}, "he": {"\\": 0.5, "b": 0.5}, "\u0000r": {"a": 1.0}, "ra": {"g": 0.5, "k": 0.5}, "ag": {"h": 0.5, "a": 0.5}, "gh": {"e": 1.0}, "eb": {"\\": 1.0}, "ki": {"m": 1.0}, "im": {"\\": 1.0}, "\u0000s": {"t": 1.0}, "st": {"a": 1.0}, "mb": {"o": 1.0}, "bo": {"u": 1.0}, "ou": {"l": 1.0}, "ul": {"i": 1.0}, "\u0000t": {"a": 0.5, "e": 0.5}, "ga": {"e": 1.0}, "ae": {"v": 1.0}, "ev": {"\\": 1.0}, "te": {"m": 1.0}, "em": {"i": 1.0}, "mi": {"r": 1.0}, "ir": {"k": 1.0}, "rk": {"h": 1.0}, "\u0000y": {"a": 0.5, "o": 0.5}, "ya": {"\u015f": 1.0}, "a\u015f": {"\u0131": 1.0}, "\u015f\u0131": {"n": 1.0}, "\u0131n": {"\\": 1.0}, "yo": {"l": 1.0}, "ol": {"c": 1.0}, "lc": {"u": 1.0}, "cu": {"\\": 1.0}}, "3": {"\u0000\u0000\u0000": {"a": 0.2, "d": 0.06666666666666667, "h": 0.13333333333333333, "k": 0.06666666666666667, "n": 0.06666666666666667, "r": 0.13333333333333333, "s": 0.06666666666666667, "t": 0.13333333333333333, "y": 0.13333333333333333}, "\u0000\u0000a": {"k": 0.3333333333333333, "l": 0.3333333333333333, "t": 0.3333333333333333}, "\u0000ak": {"c": 1.0}, "akc": {"h": 1.0}, "kch": {"o": 1.0}, "cho": {"t": 1.0}, "hot": {"\u00e9": 1.0}, "ot\u00e9": {"\\": 1.0}, "\u0000al": {"p": 1.0}, "alp": {"m": 1.0}, "lpm": {"a": 1.0}, "pma": {"n": 1.0}, "man": {"\\": 1.0}, "\u0000at": {"a": 1.0}, "ata": {"l": 1.0}, "tal": {"i": 1.0}, "ali": {"k": 1.0}, "lik": {"\\": 1.0}, "\u0000\u0000d": {"i": 1.0}, "\u0000di": {"z": 1.0}, "diz": {"d": 1.0}, "izd": {"a": 1.0}, "zda": {"r": 1.0}, "dar": {"\\": 1.0}, "\u0000\u0000h": {"a": 1.0}, "\u0000ha": {"l": 0.5, "m": 0.5}, "hal": {"m": 1.0}, "alm": {"a": 1.0}, "lma": {"n": 1.0}, "ham": {"z": 1.0}, "amz": {"a": 1.0}, "mza": {"o": 1.0}, "zao": {"\u011f": 1.0}, "ao\u011f": {"l": 1.0}, "o\u011fl": {"u": 1.0}, "\u011flu": {"\\": 1.0}, "\u0000\u0000k": {"h": 1.0}, "\u0000kh": {"a": 1.0}, "kha": {"s": 0.5, "n": 0.5}, "has": {"h": 1.0}, "ash": {"o": 1.0}, "sho": {"g": 1.0}, "hog": {"g": 1.0}, "ogg": {"i": 1.0}, "ggi": {"\\": 1.0}, "\u0000\u0000n": {"e": 1.0}, "\u0000ne": {"z": 1.0}, "nez": {"i": 1.0}, "ezi": {"h": 1.0}, "zih": {"e": 1.0}, "ihe": {"\\": 1.0}, "\u0000\u0000r": {"a": 1.0}, "\u0000ra": {"g": 0.5, "k": 0.5}, "rag": {"h": 1.0}, "agh": {"e": 1.0}, "ghe": {"b": 1.0}, "heb": {"\\": 1.0}, "rak": {"i": 1.0}, "aki": {"m": 1.0}, "kim": {"\\": 1.0}, "\u0000\u0000s": {"t": 1.0}, "\u0000st": {"a": 1.0}, "sta": {"m": 1.0}, "tam": {"b": 1.0}, "amb": {"o": 1.0}, "mbo": {"u": 1.0}, "bou": {"l": 1.0}, "oul": {"i": 1.0}, "uli": {"\\": 1.0}, "\u0000\u0000t": {"a": 0.5, "e": 0.5}, "\u0000ta": {"g": 1.0}, "tag": {"a": 1.0}, "aga": {"e": 1.0}, "gae": {"v": 1.0}, "aev": {"\\": 1.0}, "\u0000te": {"m": 1.0}, "tem": {"i": 1.0}, "emi": {"r": 1.0}, "mir": {"k": 1.0}, "irk": {"h": 1.0}, "rkh": {"a": 1.0}, "han": {"\\": 1.0}, "\u0000\u0000y": {"a": 0.5, "o": 0.5}, "\u0000ya": {"\u015f": 1.0}, "ya\u015f": {"\u0131": 1.0}, "a\u015f\u0131": {"n": 1.0}, "\u015f\u0131n": {"\\": 1.0}, "\u0000yo": {"l": 1.0}, "yol": {"c": 1.0}, "olc": {"u": 1.0}, "lcu": {"\\": 1.0}}, "original": ["akchot\u00e9\\", "alpman\\", "atalik\\", "dizdar\\", "halman\\", "hamzao\u011flu\\", "khashoggi\\", "nezihe\\", "ragheb\\", "rakim\\", "stambouli\\", "tagaev\\", "temirkhan\\", "ya\u015f\u0131n\\", "yolcu\\"]}